time,P
-60.0,-0.0803414467116476
-59.9,-0.08031101244966198
-59.8,-0.08027985435685409
-59.7,-0.08024791821499261
-59.6,-0.08021514980584626
-59.5,-0.08018149491118373
-59.4,-0.0801468993127737
-59.3,-0.08011130879238487
-59.2,-0.08007466913178596
-59.1,-0.08003692611274563
-59.0,-0.07999802551703258
-58.9,-0.07995791312641552
-58.8,-0.07991653472266315
-58.7,-0.07987383608754414
-58.6,-0.07982976300282721
-58.5,-0.07978426125028103
-58.4,-0.07973727661167432
-58.3,-0.07968875486877575
-58.2,-0.07963864180335405
-58.1,-0.07958688319717787
-58.0,-0.07953342483201593
-57.9,-0.07947821561777778
-57.8,-0.07942121697693631
-57.7,-0.07936239346010532
-57.6,-0.07930170961789855
-57.5,-0.07923913000092976
-57.4,-0.07917461915981272
-57.3,-0.0791081416451612
-57.2,-0.07903966200758895
-57.1,-0.07896914479770975
-57.0,-0.07889655456613735
-56.9,-0.0788218592180466
-56.8,-0.07874504007685668
-56.7,-0.07866608182054781
-56.6,-0.07858496912710027
-56.5,-0.07850168667449427
-56.4,-0.07841621914071006
-56.3,-0.07832855120372793
-56.2,-0.0782386675415281
-56.1,-0.07814655283209081
-56.0,-0.07805219175339631
-55.9,-0.07795557286456306
-55.8,-0.07785670024926238
-55.7,-0.07775558187230375
-55.6,-0.0776522256984967
-55.5,-0.07754663969265073
-55.4,-0.07743883181957537
-55.3,-0.0773288100440801
-55.2,-0.07721658233097448
-55.1,-0.07710215664506796
-55.0,-0.07698554095117009
-54.9,-0.07686674709312409
-54.8,-0.07674580243090806
-54.7,-0.07662273820353382
-54.6,-0.07649758565001318
-54.5,-0.07637037600935795
-54.4,-0.07624114052057994
-54.3,-0.07610991042269098
-54.2,-0.07597671695470289
-54.1,-0.07584159135562747
-54.0,-0.07570456486447653
-53.9,-0.0755656723242851
-53.8,-0.07542496299418096
-53.7,-0.07528248973731512
-53.6,-0.07513830541683852
-53.5,-0.0749924628959022
-53.4,-0.07484501503765711
-53.3,-0.07469601470525426
-53.2,-0.07454551476184465
-53.1,-0.07439356807057923
-53.0,-0.07424022749460901
-52.9,-0.0740855490111463
-52.8,-0.07392960105364874
-52.7,-0.07377245516963525
-52.6,-0.07361418290662479
-52.5,-0.07345485581213629
-52.4,-0.07329454543368873
-52.3,-0.07313332331880104
-52.2,-0.07297126101499217
-52.1,-0.07280843006978106
-52.0,-0.07264490203068666
-51.9,-0.07248075099402493
-51.8,-0.07231606125129986
-51.7,-0.07215091964281248
-51.6,-0.07198541300886374
-51.5,-0.07181962818975467
-51.4,-0.07165365202578627
-51.3,-0.07148757135725954
-51.2,-0.0713214730244755
-51.1,-0.07115544386773512
-51.0,-0.07098957072733941
-50.9,-0.07082394231726898
-50.8,-0.07065865484622273
-50.7,-0.07049380639657923
-50.6,-0.07032949505071696
-50.5,-0.07016581889101448
-50.4,-0.07000287599985026
-50.3,-0.06984076445960287
-50.2,-0.06967958235265083
-50.1,-0.06951942776137264
-50.0,-0.06936039876814683
-49.9,-0.06920259436327147
-49.8,-0.06904611716872285
-49.7,-0.06889107071439679
-49.6,-0.0687375585301891
-49.5,-0.06858568414599564
-49.4,-0.0684355510917122
-49.3,-0.06828726289723462
-49.2,-0.06814092309245874
-49.1,-0.06799663520728036
-49.0,-0.06785450277159533
-48.9,-0.0677146288115961
-48.8,-0.06757711433866172
-48.7,-0.06744205986046788
-48.6,-0.06730956588469024
-48.5,-0.06717973291900449
-48.4,-0.06705266147108634
-48.3,-0.06692845204861143
-48.2,-0.06680720515925549
-48.1,-0.06668902131069417
-48.0,-0.06657400101060315
-47.9,-0.06646224246731391
-47.8,-0.06635383469178108
-47.7,-0.06624886439561503
-47.6,-0.06614741829042617
-47.5,-0.0660495830878249
-47.4,-0.06595544549942159
-47.3,-0.06586509223682667
-47.2,-0.06577861001165053
-47.1,-0.06569608553550356
-47.0,-0.06561760551999615
-46.9,-0.06554325247204154
-46.8,-0.06547309207976428
-46.7,-0.06540718582659173
-46.6,-0.06534559519595128
-46.5,-0.06528838167127028
-46.4,-0.06523560673597611
-46.3,-0.06518733187349617
-46.2,-0.06514361856725781
-46.1,-0.06510452830068841
-46.0,-0.06507012255721535
-45.9,-0.0650404568632177
-45.8,-0.06501556291688135
-45.7,-0.06499546645934387
-45.6,-0.06498019323174287
-45.5,-0.06496976897521592
-45.4,-0.06496421943090061
-45.3,-0.06496357033993454
-45.2,-0.06496784744345527
-45.1,-0.06497707648260041
-45.0,-0.06499128319850754
-44.9,-0.06501048590028848
-44.8,-0.06503467316895194
-44.7,-0.06506382615348089
-44.6,-0.06509792600285828
-44.5,-0.06513695386606709
-44.4,-0.06518089089209024
-44.3,-0.06522971822991072
-44.2,-0.06528341702851145
-44.1,-0.06534196843687542
-44.0,-0.06540535360398557
-43.9,-0.06547354514813179
-43.8,-0.06554648156483169
-43.7,-0.06562409281890978
-43.599999999999994,-0.06570630887519065
-43.5,-0.06579305969849879
-43.4,-0.06588427525365875
-43.3,-0.06597988550549506
-43.2,-0.06607982041883227
-43.099999999999994,-0.06618400995849492
-43.0,-0.06629238408930753
-42.9,-0.06640486363286266
-42.8,-0.06652133283782492
-42.7,-0.06664166680962694
-42.599999999999994,-0.06676574065370137
-42.5,-0.06689342947548081
-42.4,-0.06702460838039791
-42.3,-0.0671591524738853
-42.2,-0.0672969368613756
-42.099999999999994,-0.06743783664830146
-42.0,-0.06758172694009548
-41.9,-0.06772847362512904
-41.8,-0.06787790572352832
-41.7,-0.06802984303835823
-41.599999999999994,-0.06818410537268371
-41.5,-0.06834051252956966
-41.4,-0.068498884312081
-41.3,-0.06865904052328263
-41.2,-0.06882080096623948
-41.099999999999994,-0.06898398544401649
-41.0,-0.06914841375967852
-40.9,-0.06931389708740704
-40.8,-0.06948021208584948
-40.7,-0.06964712678476977
-40.599999999999994,-0.0698144092139319
-40.5,-0.06998182740309976
-40.4,-0.07014914938203734
-40.3,-0.07031614318050859
-40.2,-0.07048257682827744
-40.099999999999994,-0.07064821835510787
-40.0,-0.07081283579076379
-39.9,-0.07097619008389554
-39.8,-0.07113801385869885
-39.7,-0.07129803265825584
-39.599999999999994,-0.07145597202564863
-39.5,-0.0716115575039593
-39.4,-0.07176451463626998
-39.3,-0.07191456896566278
-39.2,-0.0720614460352198
-39.099999999999994,-0.07220487138802317
-39.0,-0.07234457056715499
-38.9,-0.07248026479839473
-38.8,-0.07261165803831134
-38.7,-0.0727384499261711
-38.599999999999994,-0.07286034010124035
-38.5,-0.07297702820278536
-38.4,-0.07308821387007244
-38.3,-0.07319359674236793
-38.2,-0.07329287645893809
-38.099999999999994,-0.07338575265904927
-38.0,-0.07347192498196772
-37.9,-0.0735510927669446
-37.8,-0.07362295415317026
-37.7,-0.07368720697981988
-37.599999999999994,-0.07374354908606864
-37.5,-0.07379167831109172
-37.4,-0.0738312924940643
-37.3,-0.07386208947416156
-37.2,-0.07388376709055867
-37.099999999999994,-0.07389602318243083
-37.0,-0.0738985555889532
-36.9,-0.07389106701581746
-36.8,-0.07387327963478127
-36.7,-0.07384492048411878
-36.599999999999994,-0.07380571660210414
-36.5,-0.07375539502701152
-36.4,-0.07369368279711505
-36.3,-0.0736203069506889
-36.2,-0.07353499452600723
-36.099999999999994,-0.07343747256134416
-36.0,-0.07332746809497387
-35.9,-0.07320471916821233
-35.8,-0.07306900783454286
-35.7,-0.07292012715049061
-35.599999999999994,-0.07275787017258067
-35.5,-0.07258202995733826
-35.4,-0.07239239956128846
-35.3,-0.07218877204095642
-35.2,-0.0719709404528673
-35.099999999999994,-0.0717386978535462
-35.0,-0.07149183729951832
-34.9,-0.07123016965031673
-34.8,-0.07095357697750655
-34.7,-0.07066195915566088
-34.599999999999994,-0.07035521605935274
-34.5,-0.0700332475631553
-34.4,-0.06969595354164154
-34.3,-0.0693432338693846
-34.2,-0.06897498842095756
-34.099999999999994,-0.06859111707093343
-34.0,-0.06819151969388541
-33.9,-0.06777612087903155
-33.8,-0.06734494407417022
-33.7,-0.0668980374417449
-33.599999999999994,-0.0664354491441989
-33.5,-0.06595722734397576
-33.4,-0.06546342020351884
-33.3,-0.06495407588527154
-33.2,-0.06442924255167737
-33.099999999999994,-0.0638889683651796
-33.0,-0.06333330148822183
-32.9,-0.06276232099193108
-32.8,-0.06217622958216937
-32.7,-0.061575260873482494
-32.599999999999994,-0.060959648480416045
-32.5,-0.060329626017515924
-32.4,-0.05968542709932772
-32.3,-0.0590272853403972
-32.2,-0.05835543435527015
-32.099999999999994,-0.05767010775849214
-32.0,-0.056971539164609106
-31.9,-0.05625999771780227
-31.799999999999997,-0.05553589468079571
-31.7,-0.05479967684594913
-31.599999999999998,-0.05405179100562216
-31.5,-0.05329268395217453
-31.4,-0.05252280247796587
-31.299999999999997,-0.05174259337535588
-31.2,-0.05095250343670427
-31.099999999999998,-0.05015297945437068
-31.0,-0.049344468220714824
-30.9,-0.048527454452598824
-30.799999999999997,-0.0477025745648948
-30.7,-0.046870502896977397
-30.599999999999998,-0.04603191378822112
-30.5,-0.04518748157800064
-30.4,-0.04433788060569049
-30.299999999999997,-0.04348378521066527
-30.2,-0.042625869732299614
-30.099999999999998,-0.04176480850996806
-30.0,-0.04090127588304525
-29.9,-0.04003598363878681
-29.799999999999997,-0.03916979335597286
-29.7,-0.038303604061264596
-29.599999999999998,-0.03743831478132313
-29.5,-0.036574824542809706
-29.4,-0.035714032372385435
-29.299999999999997,-0.03485683729671152
-29.2,-0.034004138342449156
-29.099999999999998,-0.03315683453625948
-29.0,-0.03231582490480371
-28.9,-0.03148204166466478
-28.799999999999997,-0.030656549792112908
-28.7,-0.029840447453340156
-28.599999999999998,-0.029034832814538475
-28.5,-0.028240804041899933
-28.4,-0.02745945930161649
-28.299999999999997,-0.02669189675988019
-28.2,-0.02593921458288307
-28.099999999999998,-0.025202510936817094
-28.0,-0.024482883987874328
-27.9,-0.023781455987515916
-27.799999999999997,-0.023099445528279812
-27.699999999999996,-0.02243809528797313
-27.6,-0.021798647944403022
-27.5,-0.021182346175376506
-27.4,-0.020590432658700742
-27.299999999999997,-0.02002415007218284
-27.199999999999996,-0.01948474109362991
-27.1,-0.018973448400849097
-27.0,-0.01849151467164744
-26.9,-0.01804019189261773
-26.799999999999997,-0.017620769285495316
-26.699999999999996,-0.017234545380801176
-26.6,-0.016882818709056332
-26.5,-0.01656688780078171
-26.4,-0.016288051186498335
-26.299999999999997,-0.016047607396727188
-26.199999999999996,-0.01584685496198926
-26.1,-0.01568709241280555
-26.0,-0.015569618279697018
-25.9,-0.015495719853411203
-25.799999999999997,-0.015466639465601763
-25.699999999999996,-0.015483608208148892
-25.6,-0.015547857172932777
-25.5,-0.015660617451833624
-25.4,-0.01582312013673162
-25.299999999999997,-0.01603659631950696
-25.199999999999996,-0.016302277092039838
-25.1,-0.016621393546210422
-25.0,-0.016995176773898956
-24.9,-0.017424821262774677
-24.799999999999997,-0.01791137508366313
-24.699999999999996,-0.01845584970317892
-24.6,-0.01905925658793662
-24.5,-0.019722607204550924
-24.4,-0.0204469130196364
-24.299999999999997,-0.021233185499807662
-24.199999999999996,-0.022082436111679316
-24.1,-0.022995676321865912
-24.0,-0.023973917596982187
-23.9,-0.025018106470516804
-23.799999999999997,-0.026128929743454963
-23.699999999999996,-0.027307009283655967
-23.6,-0.02855296695897904
-23.5,-0.029867424637283674
-23.4,-0.031251004186429086
-23.299999999999997,-0.03270432747427458
-23.199999999999996,-0.03422801636867949
-23.1,-0.03582269273750299
-23.0,-0.037488978448604625
-22.9,-0.03922740150351817
-22.799999999999997,-0.0410381144384758
-22.699999999999996,-0.04292117592338428
-22.6,-0.04487664462815022
-22.5,-0.04690457922268066
-22.4,-0.04900503837688222
-22.299999999999997,-0.051178080760661646
-22.199999999999996,-0.05342376504392571
-22.1,-0.055742149896580995
-22.0,-0.05813329398853458
-21.9,-0.06059713546445178
-21.799999999999997,-0.06313313036803288
-21.699999999999996,-0.06574061421773686
-21.599999999999994,-0.06841892253202272
-21.5,-0.07116739082934927
-21.4,-0.07398535462817588
-21.299999999999997,-0.07687214944696136
-21.199999999999996,-0.0798271108041647
-21.099999999999994,-0.0828495742182449
-21.0,-0.08593887520766072
-20.9,-0.08909420793119821
-20.799999999999997,-0.09231420110894922
-20.699999999999996,-0.09559734210133242
-20.599999999999994,-0.09894211826876645
-20.5,-0.10234701697166976
-20.4,-0.10581052557046149
-20.299999999999997,-0.10933113142556007
-20.199999999999996,-0.11290732189738417
-20.099999999999994,-0.11653758434635247
-20.0,-0.12022040613288336
-19.9,-0.12395412212733137
-19.799999999999997,-0.12773645723979155
-19.699999999999996,-0.13156498389029453
-19.599999999999994,-0.13543727449887102
-19.5,-0.13935090148555132
-19.4,-0.14330343727036668
-19.299999999999997,-0.14729245427334747
-19.199999999999996,-0.1513155249145243
-19.099999999999994,-0.15537022161392786
-19.0,-0.1594541167915885
-18.9,-0.163564632565858
-18.799999999999997,-0.16769858984836955
-18.699999999999996,-0.17185265924907725
-18.599999999999994,-0.1760235113779351
-18.5,-0.18020781684489687
-18.4,-0.1844022462599172
-18.299999999999997,-0.18860347023294985
-18.199999999999996,-0.1928081593739489
-18.099999999999994,-0.19701298429286834
-18.0,-0.20121461559966197
-17.9,-0.2054095920580847
-17.799999999999997,-0.20959392504709165
-17.699999999999996,-0.21376349409943848
-17.599999999999994,-0.21791417874788094
-17.5,-0.22204185852517438
-17.4,-0.2261424129640751
-17.299999999999997,-0.2302117215973385
-17.199999999999996,-0.23424566395772023
-17.099999999999994,-0.23824011957797603
-17.0,-0.24219096799086126
-16.9,-0.24609399346733846
-16.799999999999997,-0.2499445992311941
-16.699999999999996,-0.25373809324442126
-16.599999999999994,-0.257469783469013
-16.5,-0.2611349778669621
-16.4,-0.2647289844002621
-16.299999999999997,-0.26824711103090576
-16.199999999999996,-0.2716846657208862
-16.099999999999994,-0.2750369564321964
-16.0,-0.2782992911268292
-15.899999999999999,-0.2814669374621119
-15.799999999999997,-0.28453500187670605
-15.699999999999996,-0.28749855050460726
-15.599999999999994,-0.2903526494798112
-15.5,-0.2930923649363133
-15.399999999999999,-0.29571276300810945
-15.299999999999997,-0.2982089098291951
-15.199999999999996,-0.30057587153356596
-15.099999999999994,-0.30280871425521755
-15.0,-0.3049025041281453
-14.899999999999999,-0.3068523385335157
-14.799999999999997,-0.3086534398411765
-14.699999999999996,-0.31030106166814636
-14.599999999999994,-0.3117904576314437
-14.5,-0.3131168813480871
-14.399999999999999,-0.31427558643509507
-14.299999999999997,-0.3152618265094862
-14.199999999999996,-0.31607085518827893
-14.099999999999994,-0.31669792608849184
-14.0,-0.3171382928271434
-13.899999999999999,-0.31738732418806453
-13.799999999999997,-0.31744084962233565
-13.699999999999996,-0.31729481374784935
-13.599999999999994,-0.31694516118249844
-13.5,-0.3163878365441757
-13.399999999999999,-0.3156187844507737
-13.299999999999997,-0.31463394952018525
-13.199999999999996,-0.31342927637030304
-13.099999999999994,-0.3120007096190199
-13.0,-0.3103441938842285
-12.899999999999999,-0.30845587803920277
-12.799999999999997,-0.3063327279787417
-12.699999999999996,-0.30397191385302574
-12.599999999999994,-0.3013706058122352
-12.5,-0.29852597400655045
-12.399999999999999,-0.29543518858615153
-12.299999999999997,-0.29209541970121894
-12.199999999999996,-0.2885038375019329
-12.099999999999994,-0.28465761213847385
-12.0,-0.28055391376102234
-11.899999999999999,-0.27619020091391644
-11.799999999999997,-0.27156508571812854
-11.699999999999996,-0.26667746868878905
-11.599999999999994,-0.26152625034102855
-11.5,-0.2561103311899777
-11.399999999999999,-0.25042861175076636
-11.299999999999997,-0.2444799925385252
-11.199999999999996,-0.2382633740683848
-11.099999999999994,-0.23177765685547552
-11.0,-0.22502174141492834
-10.899999999999999,-0.21799488391163982
-10.799999999999997,-0.21069776310957616
-10.699999999999996,-0.2031314134224702
-10.599999999999994,-0.1952968692640548
-10.5,-0.18719516504806333
-10.399999999999999,-0.17882733518822744
-10.299999999999997,-0.17019441409828057
-10.199999999999996,-0.16129743619195552
-10.099999999999994,-0.15213743588298512
-10.0,-0.14271544758510288
-9.899999999999999,-0.13303289973206398
-9.799999999999997,-0.12309279683772041
-9.699999999999996,-0.11289853743594724
-9.599999999999994,-0.10245352006061952
-9.5,-0.09176114324561303
-9.399999999999999,-0.08082480552480133
-9.299999999999997,-0.06964790543206019
-9.199999999999996,-0.05823384150126468
-9.099999999999994,-0.04658601226628982
-9.0,-0.034707816261011534
-8.899999999999999,-0.022603045384049343
-8.799999999999997,-0.010277064993010045
-8.699999999999996,0.002264366189754223
-8.599999999999994,0.015015489441891322
-8.5,0.027970546041048178
-8.399999999999999,0.0411237772648745
-8.299999999999997,0.054469424391017235
-8.199999999999996,0.06800172869712426
-8.099999999999994,0.0817149314608434
-8.0,0.09560327395982157
-7.899999999999999,0.1096606499797815
-7.799999999999997,0.12387956333873482
-7.699999999999996,0.13825217036276702
-7.599999999999994,0.15277062737796365
-7.5,0.16742709071040918
-7.399999999999999,0.18221371668619124
-7.299999999999997,0.19712266163139425
-7.199999999999996,0.2121460818721038
-7.099999999999994,0.2272761337344054
-7.0,0.24250497354438344
-6.899999999999999,0.25782450149957964
-6.799999999999997,0.27322559328334844
-6.699999999999996,0.2886988684504993
-6.599999999999994,0.3042349465558417
-6.5,0.319824447154184
-6.399999999999999,0.33545798980033803
-6.299999999999997,0.35112619404911194
-6.199999999999996,0.3668196794553154
-6.099999999999994,0.3825290655737579
-6.0,0.3982449719592477
-5.899999999999999,0.4139578920799816
-5.799999999999997,0.4296578150576934
-5.699999999999996,0.44533460392750296
-5.599999999999994,0.4609781217245301
-5.5,0.4765782314838937
-5.399999999999999,0.4921247962407158
-5.299999999999997,0.5076076790301152
-5.199999999999996,0.5230167428872118
-5.099999999999994,0.5383418508471255
-5.0,0.5535728659449751
-4.899999999999999,0.5686996800954841
-4.799999999999997,0.5837123007317782
-4.699999999999996,0.5986007641665855
-4.599999999999994,0.6133551067126344
-4.5,0.627965364682652
-4.399999999999999,0.6424215743893686
-4.299999999999997,0.6567137721455115
-4.199999999999996,0.6708319942638088
-4.099999999999994,0.6847662770569888
-4.0,0.6985066568377787
-3.8999999999999986,0.7120433596308967
-3.799999999999997,0.7253673703090107
-3.6999999999999957,0.7384698634567772
-3.5999999999999943,0.7513420136588531
-3.5,0.7639749954998943
-3.3999999999999986,0.7763599835645593
-3.299999999999997,0.7884881524375039
-3.1999999999999957,0.8003506767033849
-3.0999999999999943,0.8119387309468591
-3.0,0.8232434897525824
-2.8999999999999986,0.83425646283416
-2.799999999999997,0.8449705004209818
-2.6999999999999957,0.8553787878713852
-2.5999999999999943,0.8654745105437077
-2.5,0.8752508537962861
-2.3999999999999986,0.8847010029874592
-2.299999999999997,0.8938181434755639
-2.1999999999999957,0.9025954606189376
-2.0999999999999943,0.9110261397759177
-2.0,0.9191033663048412
-1.8999999999999986,0.9268207711465121
-1.7999999999999972,0.9341737675715936
-1.6999999999999957,0.9411582144332152
-1.5999999999999943,0.9477699705845061
-1.5,0.9540048948785952
-1.3999999999999986,0.9598588461686126
-1.2999999999999972,0.9653276833076873
-1.1999999999999957,0.9704072651489484
-1.0999999999999943,0.9750934505455253
-1.0,0.979382098350547
-0.8999999999999986,0.9832695744605897
-0.7999999999999972,0.986754272946014
-0.6999999999999957,0.9898350949206269
-0.5999999999999943,0.9925109414982357
-0.5,0.9947807137926472
-0.3999999999999986,0.996643312917669
-0.29999999999999716,0.9980976399871081
-0.19999999999999574,0.9991425961147715
-0.09999999999999432,0.9997770824144664
0.0,1.0
0.09999999999999432,0.9998107633905684
0.19999999999999574,0.9992108407269236
0.29999999999999716,0.9982022135552066
0.3999999999999986,0.9967868634215582
0.5,0.9949667718721195
0.5999999999999943,0.9927439204530316
0.6999999999999957,0.9901202907104352
0.7999999999999972,0.9870978641904713
0.8999999999999986,0.983678622439281
1.0,0.9798645470030052
1.0999999999999943,0.9756580861927281
1.1999999999999957,0.971063555379305
1.2999999999999972,0.9660857366985348
1.3999999999999986,0.9607294122862162
1.5,0.9549993642781481
1.5999999999999943,0.9489003748101296
1.6999999999999957,0.9424372260179584
1.7999999999999972,0.935614700037434
1.8999999999999986,0.9284375790043548
2.0,0.9209106450545197
2.0999999999999943,0.9130390563450891
2.1999999999999957,0.904829475118666
2.299999999999997,0.8962889396392162
2.3999999999999986,0.887424488170705
2.5,0.8782431589770975
2.5999999999999943,0.86875199032236
2.6999999999999957,0.858958020470456
2.799999999999997,0.8488682876853517
2.8999999999999986,0.8384898302310122
3.0,0.827829686371403
3.0999999999999943,0.8168951491832477
3.1999999999999957,0.8056945309942988
3.299999999999997,0.7942363989450691
3.3999999999999986,0.7825293201760705
3.5,0.7705818618278147
3.5999999999999943,0.7584025910408146
3.6999999999999957,0.7460000749555804
3.799999999999997,0.7333828807126247
3.8999999999999986,0.7205595754524595
4.0,0.7075387263155966
4.099999999999994,0.6943290195945302
4.199999999999996,0.6809396181896772
4.299999999999997,0.6673798041534389
4.399999999999999,0.6536588595382153
4.5,0.6397860663964068
4.599999999999994,0.6257707067804145
4.699999999999996,0.6116220627426364
4.799999999999997,0.597349416335474
4.899999999999999,0.5829620496113272
5.0,0.5684692446225965
5.099999999999994,0.5538802682237846
5.199999999999996,0.5392043264777979
5.299999999999997,0.5244506102496475
5.399999999999999,0.5096283104043434
5.5,0.4947466178068959
5.599999999999994,0.47981472332231595
5.699999999999996,0.46484181781561157
5.799999999999997,0.4498370921517939
5.899999999999999,0.43480973719587307
6.0,0.41976894381285906
6.099999999999994,0.40472376794673204
6.199999999999996,0.3896827258573448
6.299999999999997,0.3746541988835223
6.399999999999999,0.3596465683640884
6.5,0.34466821563786704
6.599999999999994,0.32972752204368305
6.699999999999996,0.31483286892035833
6.799999999999997,0.2999926376067178
6.899999999999999,0.2852152094415853
7.0,0.2705089657637847
7.099999999999994,0.2558820576817054
7.199999999999996,0.24134171538199145
7.299999999999997,0.22689493882085437
7.399999999999999,0.21254872795450475
7.5,0.19831008273915304
7.599999999999994,0.1841860031310108
7.699999999999996,0.1701834890862866
7.799999999999997,0.15630954056119195
7.899999999999999,0.14257115751193736
8.0,0.12897533989473337
8.099999999999994,0.1155287925445786
8.199999999999996,0.10223703981161732
8.299999999999997,0.0891053109247838
8.399999999999999,0.07613883511301137
8.5,0.06334284160523332
8.599999999999994,0.05072255963038386
8.699999999999996,0.03828321841739449
8.799999999999997,0.026030047195199454
8.899999999999999,0.013968275192732055
9.0,0.002103131638925622
9.099999999999994,-0.009560481547648976
9.199999999999996,-0.021018971689876233
9.299999999999997,-0.0322690734210014
9.399999999999999,-0.04330752137427056
9.5,-0.0541310501829298
9.599999999999994,-0.06473639448022445
9.699999999999996,-0.07512028889940212
9.799999999999997,-0.08527946807370812
9.899999999999999,-0.09521066663638855
10.0,-0.10491061922068946
10.099999999999994,-0.11437638835529626
10.199999999999996,-0.12360634815065616
10.299999999999997,-0.13259920061265432
10.399999999999999,-0.14135364774717651
10.5,-0.14986839156010862
10.599999999999994,-0.1581421340573359
10.699999999999996,-0.1661735772447453
10.799999999999997,-0.1739614231282221
10.899999999999999,-0.1815043737136521
11.0,-0.18880113100692114
11.099999999999994,-0.19585069782442976
11.199999999999996,-0.20265328022464085
11.299999999999997,-0.209209385076531
11.399999999999999,-0.21551951924907728
11.5,-0.2215841896112568
11.599999999999994,-0.22740390303204622
11.699999999999996,-0.23297916638042349
11.799999999999997,-0.2383104865253653
11.899999999999999,-0.24339837033584866
12.0,-0.24824332468085075
12.099999999999994,-0.25284610864915913
12.199999999999996,-0.2572084902088057
12.299999999999997,-0.2613324895476322
12.399999999999999,-0.26522012685348073
12.5,-0.2688734223141933
12.599999999999994,-0.27229439611761186
12.699999999999996,-0.2754850684515789
12.799999999999997,-0.2784474595039362
12.899999999999999,-0.2811835894625259
13.0,-0.28369547851519006
13.099999999999994,-0.2859853365661316
13.199999999999996,-0.28805613238499794
13.299999999999997,-0.28991102445779704
13.399999999999999,-0.2915531712705369
13.5,-0.2929857313092257
13.599999999999994,-0.29421186305987146
13.699999999999996,-0.29523472500848247
13.799999999999997,-0.29605747564106666
13.899999999999999,-0.29668327344363216
14.0,-0.2971152769021871
14.099999999999994,-0.2973567657832159
14.199999999999996,-0.29741150497510876
14.299999999999997,-0.29728338064673215
14.399999999999999,-0.2969762789669526
14.5,-0.29649408610463657
14.599999999999994,-0.2958406882286506
14.699999999999996,-0.29501997150786125
14.799999999999997,-0.2940358221111349
14.899999999999999,-0.2928921262073381
15.0,-0.2915927699653374
15.099999999999994,-0.29014169374759236
15.199999999999996,-0.2885430546909341
15.299999999999997,-0.286801064125787
15.399999999999999,-0.2849199333825753
15.5,-0.28290387379172344
15.599999999999994,-0.2807570966836557
15.699999999999996,-0.2784838133887962
15.799999999999997,-0.2760882352375692
15.899999999999999,-0.27357457356039916
16.0,-0.27094703968771033
16.099999999999994,-0.2682098391299336
16.199999999999996,-0.2653671541175254
16.299999999999997,-0.2624231610609489
16.4,-0.2593820363706673
16.5,-0.2562479564571438
16.599999999999994,-0.2530250977308418
16.699999999999996,-0.2497176366022239
16.799999999999997,-0.24632974948175354
16.9,-0.24286561277989385
17.0,-0.23932940290710797
17.099999999999994,-0.235725241337184
17.199999999999996,-0.23205702979720805
17.299999999999997,-0.22832861507759158
17.4,-0.2245438439687459
17.5,-0.2207065632610823
17.599999999999994,-0.21682061974501227
17.699999999999996,-0.2128898602109466
17.799999999999997,-0.2089181314492968
17.9,-0.20490928025047414
18.0,-0.20086715340488992
18.099999999999994,-0.19679550661728262
18.199999999999996,-0.1926977312496978
18.299999999999997,-0.18857712757850875
18.4,-0.18443699588008855
18.5,-0.18028063643081021
18.599999999999994,-0.1761113495070471
18.699999999999996,-0.17193243538517167
18.799999999999997,-0.16774719434155724
18.9,-0.1635589266525769
19.0,-0.15937093259460366
19.099999999999994,-0.15518639878030413
19.199999999999996,-0.15100805716751697
19.299999999999997,-0.146838526050375
19.4,-0.14268042372301074
19.5,-0.1385363684795567
19.599999999999994,-0.13440897861414566
19.699999999999996,-0.1303008724209096
19.799999999999997,-0.1262146681939813
19.9,-0.12215298422749327
20.0,-0.11811843881557804
20.099999999999994,-0.11411352695325178
20.199999999999996,-0.11014025043906325
20.299999999999997,-0.10620048777244546
20.4,-0.10229611745283117
20.5,-0.09842901797965305
20.599999999999994,-0.09460106785234411
20.699999999999996,-0.09081414557033654
20.799999999999997,-0.0870701296330633
20.9,-0.08337089853995716
21.0,-0.07971833079045079
21.099999999999994,-0.07611418330763231
21.199999999999996,-0.07255972670920952
21.299999999999997,-0.06905611003654609
21.4,-0.06560448233100546
21.5,-0.06220599263395106
21.599999999999994,-0.05886178998674655
21.699999999999996,-0.05557302343075488
21.799999999999997,-0.05234084200733972
21.9,-0.049166394757864496
22.0,-0.04605083072369265
22.1,-0.042995188257229255
22.199999999999996,-0.040000062955046295
22.299999999999997,-0.037065939724756775
22.4,-0.034193303473974326
22.5,-0.03138263911031238
22.6,-0.02863443154138437
22.699999999999996,-0.025949165674803907
22.799999999999997,-0.02332732641818403
22.9,-0.02076939867913838
23.0,-0.01827586736528036
23.1,-0.015847124175849426
23.199999999999996,-0.013483187976589255
23.299999999999997,-0.011183984424869026
23.4,-0.008949439178058445
23.5,-0.006779477893527029
23.6,-0.004674026228644304
23.699999999999996,-0.002633009840779941
23.799999999999997,-0.0006563543873031701
23.9,0.0012560144744163393
24.0,0.0031041710870090525
24.1,0.004888261758692827
24.199999999999996,0.006608720660034895
24.299999999999997,0.008266053927190228
24.4,0.00986076769631343
24.5,0.01139336810355923
24.6,0.012864361285082355
24.699999999999996,0.014274253377037438
24.799999999999997,0.015623550515579405
24.9,0.016912758836862885
25.0,0.0181423844770426
25.1,0.019312983247056287
25.199999999999996,0.020425309656973607
25.299999999999997,0.021480167891647462
25.4,0.02247836213593051
25.5,0.023420696574675496
25.6,0.024307975392735163
25.699999999999996,0.025141002774962194
25.799999999999997,0.025920582906209456
25.9,0.026647519971329622
26.0,0.027322618155175442
26.1,0.027946710071161254
26.199999999999996,0.028520742046947763
26.299999999999997,0.0290456888387574
26.4,0.029522525202812466
26.5,0.0299522258953353
26.6,0.030335765672548254
26.699999999999996,0.030674119290673645
26.799999999999997,0.030968261505933868
26.9,0.031219167074551243
27.0,0.031427810752748114
27.1,0.031595176958017446
27.199999999999996,0.03172228875293465
27.299999999999997,0.031810178861345816
27.4,0.03185988000709697
27.5,0.031872424914034164
27.6,0.031848846306003445
27.699999999999996,0.031790176906850875
27.799999999999997,0.03169744944042249
27.9,0.031571696630564354
28.0,0.0314139512011225
28.099999999999998,0.031225240245543642
28.2,0.031006568335677012
28.299999999999997,0.030758934412972522
28.4,0.03048333741888005
28.5,0.030180776294849502
28.599999999999998,0.029852249982330784
28.7,0.029498757422773764
28.799999999999997,0.029121297557628364
28.9,0.02872086932834446
29.0,0.028298471676371947
29.099999999999998,0.027855086582943972
29.2,0.02739162818842654
29.299999999999997,0.02690899367296894
29.4,0.02640808021672041
29.5,0.02588978499983022
29.599999999999998,0.02535500520244766
29.7,0.02480463800472195
29.799999999999997,0.02423958058680239
29.9,0.02366073012883821
30.0,0.023068983810978688
30.099999999999998,0.022465214363753098
30.2,0.021850196719210596
30.299999999999997,0.02122468135978042
30.4,0.02058941876789171
30.5,0.01994515942597368
30.599999999999998,0.019292653816455542
30.7,0.01863265242176644
30.799999999999997,0.01796590572433561
30.9,0.017293164206592194
31.0,0.016615178350965404
31.099999999999998,0.015932670066810393
31.2,0.015246246971186005
31.299999999999997,0.014556488108077113
31.4,0.013863972521468499
31.5,0.013169279255345015
31.599999999999998,0.012472987353691511
31.7,0.011775675860492772
31.799999999999997,0.011077923819733673
31.9,0.01038031027539899
32.0,0.009683414271473581
32.099999999999994,0.008987785074149877
32.2,0.00829385283845034
32.3,0.007602017941605329
32.4,0.006912680760844864
32.5,0.006226241673399155
32.599999999999994,0.005543101056498419
32.7,0.004863659287372673
32.8,0.004188316743252275
32.9,0.0035174738013672435
33.0,0.002851530838947794
33.099999999999994,0.002190859857409334
33.2,0.001535719354907875
33.3,0.0008863394537849531
33.4,0.0002429502763817786
33.5,-0.0003942180549602525
33.599999999999994,-0.0010249354178997463
33.7,-0.0016489716900954863
33.8,-0.0022660967492059464
33.9,-0.0028760804728899096
34.0,-0.00347869273880598
34.099999999999994,-0.004073728235209119
34.2,-0.0046610808927398505
34.3,-0.005240669452634759
34.4,-0.0058124126561307195
34.5,-0.00637622924446444
34.599999999999994,-0.00693203795887263
34.7,-0.007479757540592159
34.8,-0.00801930673085962
34.9,-0.00855060427091188
35.0,-0.009073568901985652
35.099999999999994,-0.00958813925565668
35.2,-0.010094333524856992
35.3,-0.010592189792857391
35.4,-0.011081746142928938
35.5,-0.011563040658342544
35.599999999999994,-0.012036111422369128
35.7,-0.012500996518279739
35.8,-0.012957734029345195
35.9,-0.013406362038836543
36.0,-0.013846918630024704
36.099999999999994,-0.014279456421961451
36.2,-0.014704086176822112
36.3,-0.015120933192562665
36.4,-0.015530122767139288
36.5,-0.01593178019850805
36.599999999999994,-0.016326030784625016
36.7,-0.016712999823446362
36.8,-0.017092812612928072
36.9,-0.01746559445102633
37.0,-0.017831470635697188
37.099999999999994,-0.018190575771832886
37.2,-0.0185430816920704
37.3,-0.01888916953598269
37.4,-0.019229020443142883
37.5,-0.019562815553124023
37.599999999999994,-0.019890736005499142
37.7,-0.020212962939841372
37.8,-0.02052967749572368
37.9,-0.0208410608127192
38.0,-0.02114729403040096
38.099999999999994,-0.021448562658838616
38.2,-0.021745069690088336
38.3,-0.022037022486702758
38.4,-0.022324628411234664
38.5,-0.022608094826236744
38.599999999999994,-0.022887629094261706
38.7,-0.023163438577862322
38.8,-0.023435730639591233
38.9,-0.023704712642001215
39.0,-0.02397059194764497
39.099999999999994,-0.024233575852992743
39.2,-0.02449387139018504
39.3,-0.0247516855252798
39.4,-0.025007225224335072
39.5,-0.025260697453408844
39.599999999999994,-0.0255123091785591
39.7,-0.02576226736584389
39.8,-0.02601077898132115
39.9,-0.02625805099104894
40.0,-0.026504290361085234
40.099999999999994,-0.026749700458070718
40.2,-0.026994470250976916
40.3,-0.027238785109357923
40.4,-0.027482830402767958
40.5,-0.027726791500761166
40.599999999999994,-0.027970853772891702
40.7,-0.02821520258871378
40.8,-0.028460023317781497
40.9,-0.028705501329649073
41.0,-0.028951821993870655
41.099999999999994,-0.029199164629502426
41.2,-0.029447684353608762
41.3,-0.02969753023275595
41.4,-0.029948851333510405
41.5,-0.030201796722438466
41.599999999999994,-0.030456515466106473
41.7,-0.03071315663108084
41.8,-0.030971869283927853
41.9,-0.031232802491213917
42.0,-0.031496105319505384
42.099999999999994,-0.03176191918965893
42.2,-0.032030354939692696
42.3,-0.03230151576191502
42.4,-0.03257550484863439
42.5,-0.032852425392159205
42.599999999999994,-0.03313238058479787
42.7,-0.033415473618858875
42.8,-0.03370180768665055
42.9,-0.033991485980481385
43.0,-0.03428461169265978
43.099999999999994,-0.03458127947073801
43.2,-0.03488154978324386
43.3,-0.035185474553948874
43.4,-0.03549310570662469
43.5,-0.035804495165042916
43.599999999999994,-0.03611969485297512
43.7,-0.03643875669419298
43.8,-0.036761732612468
43.9,-0.03708867453157186
44.0,-0.03741963437527613
44.1,-0.037754655437149176
44.2,-0.038093746489946345
44.3,-0.038436907676219705
44.4,-0.038784139138521405
44.5,-0.03913544101940352
44.6,-0.03949081346141815
44.7,-0.03985025660711739
44.8,-0.04021377059905332
44.9,-0.040581355579778086
45.0,-0.04095301169184375
45.1,-0.04132873113990078
45.2,-0.041708474376992995
45.3,-0.04209219391826256
45.4,-0.04247984227885172
45.5,-0.04287137197390264
45.6,-0.043266735518557496
45.7,-0.043665885427958476
45.8,-0.04406877421724773
45.9,-0.044475354401567524
46.0,-0.044885578496059994
46.1,-0.04529939225157132
46.2,-0.045716714361763576
46.3,-0.0461374567560028
46.4,-0.046561531363655116
46.5,-0.04698885011408655
46.6,-0.047419324936663176
46.7,-0.047852867760751046
46.8,-0.0482893905157162
46.9,-0.04872880513092476
47.0,-0.04917102353574276
47.1,-0.04961595240725456
47.2,-0.050063477413417795
47.3,-0.05051347896990835
47.4,-0.0509658374924022
47.5,-0.05142043339657525
47.6,-0.05187714709810343
47.7,-0.05233585901266265
47.8,-0.0527964495559288
47.9,-0.05325879914357788
48.0,-0.053722788191285786
48.1,-0.05418829373245651
48.2,-0.054655179271406396
48.3,-0.05512330493017983
48.4,-0.055592530830821274
48.5,-0.05606271709537513
48.6,-0.056533723845885814
48.7,-0.05700541120439773
48.8,-0.05747763929295526
48.9,-0.0579502682336029
49.0,-0.05842315814838503
49.1,-0.05889616781158533
49.2,-0.05936915060644462
49.3,-0.05984195856844294
49.4,-0.06031444373306044
49.5,-0.060786458135777176
49.6,-0.06125785381207322
49.7,-0.06172848279742866
49.8,-0.062198197127323544
49.9,-0.06266684883723801
50.0,-0.06313428996265213
50.1,-0.06360037299986011
50.2,-0.06406495228841272
50.3,-0.06452788262867482
50.4,-0.06498901882101137
50.5,-0.06544821566578725
50.6,-0.06590532796336737
50.7,-0.06636021051411663
50.8,-0.06681271811839987
50.9,-0.0672627055765821
51.0,-0.06771002768902815
51.1,-0.06815454102588346
51.2,-0.06859610923641551
51.3,-0.0690345977396723
51.4,-0.06946987195470189
51.5,-0.06990179730055227
51.6,-0.07033023919627143
51.7,-0.0707550630609074
51.8,-0.07117613431350814
51.9,-0.07159331837312174
52.0,-0.07200648065879618
52.1,-0.0724154891258441
52.2,-0.07282022187463666
52.3,-0.07322055954180964
52.4,-0.07361638276399891
52.5,-0.07400757217784024
52.6,-0.0743940084199694
52.7,-0.07477557212702224
52.8,-0.07515214393563449
52.9,-0.07552360448244204
53.0,-0.07588983440408065
53.1,-0.07625071718995367
53.2,-0.07660614774053473
53.3,-0.07695602380906494
53.4,-0.0773002431487855
53.5,-0.07763870351293757
53.6,-0.07797130265476229
53.7,-0.07829793832750083
53.8,-0.07861850828439432
53.9,-0.07893291027868396
54.0,-0.07924104206361088
54.1,-0.07954280427350756
54.2,-0.07983810906707167
54.3,-0.08012687148409223
54.4,-0.08040900656435823
54.5,-0.08068442934765868
54.6,-0.08095305487378256
54.7,-0.08121479818251888
54.8,-0.08146957431365662
54.9,-0.0817172983069848
55.0,-0.08195788520229243
55.1,-0.08219125281528969
55.2,-0.08241733006537169
55.3,-0.08263604864785473
55.4,-0.08284734025805512
55.5,-0.08305113659128917
55.6,-0.08324736934287319
55.7,-0.08343597020812346
55.8,-0.08361687088235631
55.9,-0.08379000306088803
56.0,-0.08395529843903496
56.1,-0.08411269169741897
56.2,-0.0842621294578844
56.3,-0.08440356132758116
56.4,-0.08453693691365918
56.5,-0.08466220582326837
56.6,-0.08477931766355867
56.7,-0.08488822204167998
56.8,-0.08498886856478222
56.9,-0.08508120684001531
57.0,-0.0851651864745292
57.1,-0.08524076007816019
57.2,-0.08530789227149028
57.3,-0.08536655067778787
57.4,-0.08541670292032134
57.5,-0.08545831662235912
57.6,-0.08549135940716959
57.7,-0.08551579889802115
57.8,-0.0855316027181822
57.9,-0.08553873849092114
58.0,-0.08553717383950638
58.1,-0.08552688170669469
58.2,-0.08550785631319639
58.3,-0.08548009719921024
58.4,-0.08544360390493493
58.5,-0.08539837597056918
58.6,-0.08534441293631172
58.7,-0.08528171434236126
58.8,-0.08521027972891652
58.9,-0.08513010863617622
59.0,-0.08504120060433909
59.1,-0.08494355517360383
59.2,-0.08483717188416919
59.3,-0.08472205027623385
59.4,-0.08459818988999655
59.5,-0.08446559026565602
59.6,-0.08432425094341095
59.7,-0.08417417146346008
59.8,-0.08401535136600213
59.9,-0.08384779019123581
